BV1Qr421g7R3,2024-04-24,p2,01:39,05:28,靠近一点点,,,,
,,,07:00,09:31,好想你,,,,
,,,26:39,30:19,日不落,,,,
,,p3,00:29,03:20,空山新雨后,,,,
,,,13:28,17:36,恋,,,,
,,,19:32,22:56,百利甜,,,,
,,,24:31,28:25,夏天的风,,,,
,,,30:28,34:44,凄美地,,,,
,,p4,02:33,07:17,我怀念的,,,,
,,,08:22,12:32,童话镇,,,,
,,,16:00,19:52,句号,,,,
,,,20:34,24:20,倒数,,,,
,,,34:47,38:44,小永远,,,,
BV1JH4y1n7Y5,2024-03-31,p1,31:16,34:22,爱的魔法,,,,
,,p2,03:29,07:12,心电心,,,,
,,,12:37,17:12,想你时风起,,,,
,,,19:54,25:05,大鱼,,,,
,,p3,00:03,04:47,光亮,,,,
,,,11:25,15:29,歌者,,,,
,,p4,02:24,06:22,最后的831,,,,
,,,09:46,14:31,发如雪,,,,
,,,16:25,21:47,想你的365天,,,,
,,,30:52,33:05,不眠之夜,,,,
,,p5,06:01,07:57,百万个吻,半首 耍赖成功,,,
,,,14:53,19:23,嘉宾,,,,
BV1tx4y1U7KV,2024-03-20,p2,18:24,21:15,小城夏天,,,,
,,,25:54,29:11,握不住的他,,,,
,,p3,01:51,05:49,凑热闹,,,,
,,,08:42,12:56,不可思议,,,,
,,,17:41,22:18,天空没有极限,,,,
,,,30:58,34:40,说爱你,,,,
,,,37:06,39:35,有你在,,,,
,,p4,07:09,10:52,东京不太热,,,,
,,,15:08,18:49,干物女(WeiWei),,,,
,,,29:33,33:15,棉花糖,,,,
,,,40:05,43:15,看月亮爬上来,,,,
,,,45:42,49:33,明天过后,,,,
,,p5,03:47,07:34,她的睫毛,,,,
BV1gt42157Nf,2024-03-15,p3,07:42,10:50,熬夜上瘾,,,,
,,,13:13,16:40,学猫叫,,,,
BV1Ft421a7bV,2024-02-04,p5,12:49,14:06,青い空に出逢えた,,,,
BV1gF4m1u77T,2024-01-28,p1,34:02,35:01,社畜少女,,,,
,,p2,00:00,03:05,社畜少女,follow,,,
,,,06:45,10:20,稻香,,,,
,,,12:58,17:06,爱的飞行日记,,,,
,,,19:21,22:05,牛仔很忙,,,,
,,,32:53,35:01,I LOVE U,,,,
,,p3,00:00,02:26,I LOVE U,follow,,,
,,,06:21,08:38,不眠之夜,,,,
,,,19:00,23:10,欧若拉,,,,
,,,24:34,27:40,绿光,,,,
,,,31:50,35:15,遇见,,,,
,,p4,07:35,09:49,Da Capo,,,,
,,,14:22,17:54,倒数,,,,
,,,20:09,24:24,青春修炼手册,,,,
,,,25:59,30:16,宠爱,,,,
,,p5,04:06,07:59,牡丹江,,,,
,,,09:30,14:57,成都,,,,
,,,20:35,24:14,郎的诱惑,不熟版,,,
,,,25:18,29:34,奢香夫人,张韶涵版,,,
BV1aC4y1S7ox,2023-12-20,p5,34:17,35:01,破茧,,,,
,,p6,00:00,02:46,破茧,follow,,,
BV1Gb4y157mY,2023-12-12,p1,31:10,35:01,心拍数♯0822,,,,
,,p2,00:00,00:40,心拍数♯0822,follow,,,
,,,07:04,11:20,グリグリメガネと月光蟲,,,,
,,,13:04,16:46,いつも何度でも,,,,
BV1EH4y117RE,2023-11-29,p6,03:32,06:43,April Encounter,弹唱,,,
BV1GN411g7cV,2023-11-06,p2,04:23,08:03,靠近一点点,,,,
,,,17:55,21:51,暖暖,,,,
BV1Ja4y1X7Ui,2023-10-30,p1,34:03,35:01,暁の車,,,,
,,p2,00:00,03:54,暁の車,follow,,,
BV1Cw411r7i7,2023-10-09,p5,17:32,21:42,小镇姑娘,小成版,,,
,,,23:59,28:21,Melody,,,,
,,,29:27,33:46,就是爱你,,,,
,,p6,00:22,04:34,普通朋友,,,,
,,,06:51,11:11,爱，很简单,,,,
,,,14:27,18:02,我是一只鱼,,,,
BV1mw411k7Qv,2023-10-07,p1,29:33,33:30,可爱女人,,,,
,,p2,02:07,05:41,多远都要在一起,,,,
,,,08:59,12:31,アイドル,,,,
,,,17:45,21:07,すずめ,,,,
,,p3,10:14,14:21,小さな恋のうた,,,,
,,,23:07,27:27,彩虹,,,,
,,,31:59,35:01,霓虹甜心,,,,
,,p4,00:00,01:30,霓虹甜心,follow,,,
BV1Yp4y1F7wc,2023-09-23,p2,11:47,15:23,爱上你,首唱,,,
,,,23:49,27:42,句号,,,,
,,p3,05:37,09:30,夏天的风,,,,
,,,10:44,11:14,夏天的风,清唱版 一段,,,
,,,11:23,15:46,单向箭头,,,,
,,,23:03,27:09,思念是一种病,,,,
,,,31:08,35:00,ふわふわ時間,,,,
,,,35:57,40:09,神のまにまに,绝活 唱跳,,,
,,p4,07:12,10:20,勇气大爆发,,,,
BV1YV411c73K,2023-09-20,p4,29:23,32:29,ようかい体操第一,,,,
BV138411q7Mx,2023-09-09,p7,04:09,07:48,今晩はお月さん,,,,
,,,09:36,13:04,Little star,,,,
,,,13:55,16:18,宝贝宝贝,,,,
BV1z84y1f7WC,2023-08-13,p1,44:18,45:21,爱你,专业夹子 一段,,,
,,p2,06:50,11:00,恋愛サーキュレーション,整活,,,
,,,49:48,52:36,百万个吻,最社死 半首,,,
,,,1:00:02,1:00:04,淋雨一直走,,,,
,,p3,00:00,03:19,淋雨一直走,follow,,,
,,p4,17:02,20:56,月亮船,,,,
,,,31:49,35:16,我是你的谁,,,,
,,,48:03,52:33,霓虹甜心,,,,
,,,57:00,1:00:01,勇气大爆发,,,,
,,p5,00:00,00:04,勇气大爆发,follow,,,
,,,11:17,15:26,说好的幸福呢,生疏版,,,
,,,17:46,21:20,爱你,,,,
BV1sj411975F,2023-07-30,p4,32:47,35:01,盛夏的果实,,,,
,,p5,00:00,01:53,盛夏的果实,follow,,,
,,,06:28,09:49,カタオモイ,,,,
,,,16:10,19:58,爱的城堡,伴奏全责,,,
,,,21:12,24:18,爱的魔法,,,,
,,,32:22,35:01,青柠,,,,
,,p6,00:00,00:51,青柠,follow,,,
,,,02:36,05:51,宁夏,空拍暗算,,,
,,,07:44,12:07,小手拉大手,,,,
,,,22:26,25:13,我爱洗澡,,,,
,,,31:04,34:24,淋雨一直走,,,,
,,p7,07:36,11:57,不可思议,,,,
,,p8,08:31,12:07,青春不打烊,,,,
,,,13:06,17:47,Bling Bling Bling,,,,
BV1im4y1j79z,2023-07-14,p5,20:47,23:44,写给我第一个喜欢的女孩的歌,,,,
,,,26:32,30:15,私奔到月球,,,,
,,,32:45,36:52,New Boy,,,,
BV1uP411q75v,2023-06-19,p1,52:03,55:38,莫名其妙爱上你,,,,
,,,59:42,01:00:01,七里香,,,,
,,p2,00:00,04:37,七里香,follow,,,
,,,08:11,09:50,有何不可,半首,,,
BV12m4y1Y7JE,2023-06-16,p5,30:18,33:29,夜车,,,,
,,,37:20,42:00,旅行的意义,,,,
,,,43:25,47:04,今晩はお月さん,,,,
BV1vs4y1u7QL,2023-05-08,p1,58:40,01:00:01,勇气大爆发,,,,
,,p2,00:00,01:49,勇气大爆发,follow,,,
,,,04:18,07:45,君が生まれた日,,,,
BV1RT411H7cb,2023-04-15,p2,08:24,11:48,百利甜,,,,
,,p3,43:13,47:24,亲爱的，那不是爱情,小拉版,,,
,,p4,00:03,04:16,雨爱,伴奏全责,,,
,,,15:11,19:34,明天你好,,,,
BV1e24y1E7SR,2023-03-20,p1,16:51,20:32,すずめ,,,,
,,,30:03,32:25,可愛くなりたい,半首,,,
BV1T84y1A784,2023-03-10,p5,44:14,47:36,Little star,,,,
BV17D4y137XB,2023-02-26,p5,39:20,40:59,今晩はお月さん,被窝版,,,
BV1NR4y1v7rL,2023-02-20,p1,13:49,17:19,双人船,首唱,,,
,,,20:45,24:40,搁浅,,,,
,,,26:16,30:36,暗号,,,,
,,,39:16,43:38,枫,,,,
,,,48:16,52:05,Lydia,,,,
,,,53:30,58:09,这世界那么多人,,,,
BV1Qv4y1x75u,2023-02-14,p5,26:36,31:15,你,,,,
BV1aT41127BV,2023-01-20,p3,27:57,32:47,你,,,,
,,,33:22,37:53,你被写在我的歌里,,,,
,,,44:32,49:25,光亮,,,,
,,,51:12,55:15,越来越不懂,,,,
,,,55:50,59:39,是非题,,,,
,,p4,01:39,05:53,Letting Go,,,,
,,,07:37,09:41,恭喜发财,,,,
,,,14:25,18:24,那么骄傲,,,,
BV1RW4y1V7kh,2023-01-02,p4,05:15,08:48,稻香,,,,
,,,11:33,15:09,心墙,,,,
,,,20:57,25:21,晴天,,,,
,,,26:50,31:01,那女孩对我说,填词版,,,
,,p5,15:24,17:12,DAN DAN 心魅かれてく,,,,
,,,24:10,28:33,DAN DAN 心魅かれてく,,,,
BV1Me4y1V7Td,2023-01-01,p6,33:38,37:36,彩虹,,,,
,,,39:42,43:51,化身孤岛的鲸,,,,
,,,46:27,51:21,逍遥叹,,,,
BV1me4y1m79n,2022-10-21,p6,35:02,38:55,阿拉斯加海湾（谭姐）,,,,
,,,40:24,45:29,月亮可以代表我的心（谭姐）,,,,
BV1zP411N7Xu,2022-10-20,p4,16:20,18:41,宝贝,,,,
,,,19:32,22:56,兔子先生,,,,
BV1K14y1v7Jf,2022-09-13,p1,02:52,03:34,NUNA,清唱版  一段,,,
,,,05:05,08:10,诀爱,,,,
,,,26:39,31:16,暗号,,,,
,,,36:09,40:54,我不配,,,,
,,,46:04,50:40,夏夜最后的烟火,,,,
,,,54:01,58:46,花海,,,,
,,,59:47,01:00:03,给我一首歌的时间,,,,
,,p2,00:00,03:54,给我一首歌的时间,follow,,,
,,,14:24,17:50,遇见,,,,
,,,18:43,22:59,孤单北半球,,,,
,,,43:11,47:29,房间,,,,
,,,48:19,52:45,霓虹甜心,,,,
BV17r4y1774g,2022-07-17,p2,1:41:50,1:45:07,热爱105℃的你,,,,
BV1hU4y147oE,2021-01-23,p1,03:54,05:45,宝贝,弹唱,,,
,,,07:45,09:27,情非得已,弹唱,,,
,,,13:35,16:10,Teardrops on My Guitar,弹唱,,,
,,,24:56,26:23,再见,弹唱,,,
,,,30:02,32:30,亲爱的旅人啊,弹唱,,,
,,,34:51,37:05,椿,弹唱,,,
,,,40:54,44:03,晴天,弹唱,,,
,,,55:05,56:27,恶作剧,弹唱,,,
,,,57:20,59:01,你,弹唱,,,
,,,1:01:12,1:02:42,Lost Stars,弹唱,,,
,,,1:04:12,1:06:36,成全,弹唱,,,
,,,1:07:07,1:09:10,有可能的夜晚,弹唱,,,
,,,1:11:21,1:14:37,暖暖,弹唱,,,
,,,1:18:54,1:20:41,夜空中最亮的星,,,,
,,,1:23:07,1:24:23,Best Part,清唱版  一段,,,
,,p2,11:38,13:49,City of Stars,,,,
BV1Bz4y1679N,2021-01-19,p2,11:12,15:13,开始懂了,,,,
,,,17:13,21:08,LOSER,,,,
,,,23:49,27:41,当你,,,,
,,,31:49,36:00,倒带,,,,
,,,37:31,41:27,DAN DAN 心魅かれてく,,,,
,,,47:48,52:12,光と影のロマン,,,,
,,,53:35,57:30,Time after time～花舞う街で～,,,,
,,,58:44,1:02:37,渡月橋 ～君 想ふ～,首唱,,,
,,,1:08:54,1:12:17,tomorrow,,,,
,,,1:13:39,1:15:21,オレンジ,半首 不熟版,,,
,,,1:15:47,1:19:38,silky heart,,,,
,,,1:19:57,1:23:28,ハレ晴レユカイ,,,,
,,,1:26:17,1:31:41,アヤノの幸福理論,首唱,,,
,,,1:35:24,1:36:54,Sweets Parade,,,,
,,p3,1:18:30,1:22:04,極楽浄土,,,,
BV1MT4y1K7R2,2021-01-18,p1,1:48:05,1:50:50,画,,,,
,,,1:54:52,1:58:38,下雨天,,,,
,,p2,00:54,01:33,史上最红小无常,一段,,,
,,,03:18,08:27,DAN DAN 心魅かれてく,,,,
,,,11:35,15:37,Snow halation,,,,
,,,18:03,22:23,飞云之下,,,,
,,,23:57,28:27,打ち上げ花火,,,,
,,,29:58,34:24,輝夜の城で踊りたい,,,,
,,,35:53,39:49,運命のルーレット廻して,,,,
,,,42:40,45:58,忽然之间,,,,
,,,47:01,50:12,门没锁,半首,,,
,,,53:54,57:33,棉花糖,填词版,,,
BV14K411u7FW,2021-01-18,p1,23:19,26:57,棉花糖,填词版,,,
BV1zy4y1m7Yp,2021-01-15,p1,1:57:47,2:00:05,到此为止,,,,
,,p2,00:00,01:15,到此为止,follow,,,
,,,03:45,06:52,夜车,,,,
,,,10:24,12:00,橘子汽水,弹唱,,,
,,,15:12,16:51,夜空中最亮的星,弹唱,,,
,,,18:01,19:46,バイ・マイ・サイ,弹唱,,,
,,,22:39,26:56,夜に駆ける,,,,
,,,28:50,32:15,对你青睐,,,,
,,,34:16,37:49,一直很安静,小拉版,,,
,,,38:24,39:51,拜拜,副歌战神,,,
,,,40:15,42:55,第二杯半价,,,,
,,,52:48,56:25,崇拜,,,,
,,,58:57,1:03:08,简单爱,小拉版,,,
,,,1:04:59,1:09:11,你被写在我的歌里,,,,
,,,1:13:18,1:17:17,远走高飞,,,,
,,,1:24:50,1:26:57,爱情买卖,半首,,,
,,,1:28:25,1:30:52,骗赖,,,,
,,,1:32:23,1:35:04,귀요미송,,,,
,,,1:36:22,1:39:20,跟我在一起,,,,
,,,1:41:06,1:45:15,可愛くなりたい,,,,
,,,1:48:44,1:52:01,勾指起誓,,,,
,,p3,15:47,19:05,棉花糖,填词版,,,
BV1QV411t75J,2021-01-14,p2,58:28,1:00:35,慢慢喜欢你,弹唱,,,
,,,1:04:57,1:06:12,再见,弹唱,,,
,,,1:08:25,1:09:50,情非得已,弹唱,,,
BV1Fy4y1v7HN,2021-01-11,p1,1:17:26,1:22:07,分手快乐,,,,
,,,1:23:02,1:26:32,说爱你,,,,
,,,1:30:35,1:33:17,每一句都很甜,,,,
,,,1:34:38,1:38:49,喜欢你,,,,
,,,1:40:04,1:41:24,爱的供养,半首,,,
,,,1:44:08,1:47:40,普通DISCO,小拉版,,,
,,,1:48:26,1:51:43,我是你的谁,,,,
,,,1:54:04,1:57:55,光年之外,,,,
,,,1:59:51,02:00:05,世界不会轻易崩塌,,,,
,,p2,00:00,04:27,世界不会轻易崩塌,follow,,,
,,,09:19,13:25,美人鱼,,,,
,,,15:23,19:29,雨爱,,,,
,,,50:30,54:23,夏天的风,,,,
,,,58:55,1:03:04,情歌,,,,
,,,1:04:54,1:05:34,好爸爸 坏爸爸,半首,,,
,,,1:11:02,1:15:46,七里香,,,,
,,,1:16:50,1:20:14,说好不哭,,,,
,,,1:23:01,1:27:23,晴天,,,,
,,,1:34:19,1:38:44,心做し,,,,
,,p3,07:21,11:34,香格里拉,,,,
BV1jh41127gL,2021-01-09,p2,28:42,32:09,DAN DAN 心魅かれてく,,,,
,,,33:27,36:49,カタオモイ,,,,
,,,38:24,41:40,悲伤的秋千,,,,
,,,42:43,47:13,杀破狼,诗朗诵,,,
,,,48:57,53:00,阿楚姑娘,,,,
,,,54:23,58:19,爱你不是两三天,,,,
,,,1:01:19,1:05:15,霜雪千年,,,,
,,,1:06:07,1:09:19,ハレハレヤ,小拉版,,,
,,,1:11:31,1:15:46,螢,,RADWIMPS,,
,,,1:18:18,1:23:07,一番の宝物,,,,
,,,1:23:36,1:28:54,Brave Song,,,,
,,,1:34:48,1:38:08,遇见,,,,
,,,1:38:55,1:42:51,那么骄傲,,,,
,,,1:44:49,1:48:15,ルル,,,,
,,,1:52:22,1:56:27,Zzz,,,,
,,,1:57:31,02:00:01,走在冷风中,,,,
,,p3,00:00,00:30,走在冷风中,follow,,,
,,,04:07,07:39,说散就散,,,,
,,,09:49,14:01,欧若拉,,,,
,,,15:41,19:54,你曾是少年,,,,
,,,20:50,25:11,愛言葉,,,,
,,,28:21,32:34,旅行的意义,小拉版,,,
BV1mi4y1F72S,2021-01-05,p1,1:21:37,1:25:15,讲真的,,,,
,,,1:26:01,1:30:07,思念是一种病,,,,
,,,1:31:35,1:35:44,夜に駆ける,,,,
,,,1:37:19,1:40:44,白旗,,,,
,,,1:42:55,1:44:08,渡月橋 ～君 想ふ～,半首 练习,,,
,,,1:46:24,1:50:09,音偽バナシ,,,,
,,,1:51:35,1:57:05,さよならミッドナイト,,,,
,,,1:57:41,02:00:05,天使にふれたよ!,,,,
,,p2,00:00,02:06,天使にふれたよ!,follow,,,
,,,03:02,08:06,愛してる,,,,
,,,09:18,13:13,春擬き,小拉版,,,
,,,14:23,20:45,銀色飛行船,,,,
,,,25:24,30:58,君の知らない物語,,,,
,,,34:28,39:20,暁の車,,,,
,,,42:20,45:00,Don't say lazy,小拉版 半首,,,
,,p3,06:41,11:34,有可能的夜晚,,,,
,,,13:00,17:23,单向箭头,,,,
,,,17:47,22:10,冬眠,,,,
,,,22:52,26:23,Nico,,,,
,,,,,,,,,
,,,,,,,,,
,,,,,,,,,
,,,,,,,,,
,,,,,,,,,
,,,,,,,,,
,,,,,,,,,
,,,,,,,,,
,,,,,,,,,
,,,,,,,,,
,,,,,,,,,
,,,,,,,,,
,,,,,,,,,
,,,,,,,,,
,,,,,,,,,
,,,,,,,,,
,,,,,,,,,
,,,,,,,,,
,,,,,,,,,
,,,,,,,,,
,,,,,,,,,
,,,,,,,,,
,,,,,,,,,
,,,,,,,,,
,,,,,,,,,
,,,,,,,,,
,,,,,,,,,
,,,,,,,,,
,,,,,,,,,
,,,,,,,,,
,,,,,,,,,
,,,,,,,,,
,,,,,,,,,
,,,,,,,,,
,,,,,,,,,
,,,,,,,,,
,,,,,,,,,
,,,,,,,,,
,,,,,,,,,
,,,,,,,,,
,,,,,,,,,
,,,,,,,,,
,,,,,,,,,
,,,,,,,,,
,,,,,,,,,
,,,,,,,,,
,,,,,,,,,
,,,,,,,,,
,,,,,,,,,
,,,,,,,,,
,,,,,,,,,
,,,,,,,,,
,,,,,,,,,
,,,,,,,,,
,,,,,,,,,
,,,,,,,,,
,,,,,,,,,
,,,,,,,,,
,,,,,,,,,
,,,,,,,,,
,,,,,,,,,
,,,,,,,,,
,,,,,,,,,
,,,,,,,,,
,,,,,,,,,
,,,,,,,,,
,,,,,,,,,
,,,,,,,,,
,,,,,,,,,
,,,,,,,,,
,,,,,,,,,
,,,,,,,,,
,,,,,,,,,
,,,,,,,,,
,,,,,,,,,
,,,,,,,,,
,,,,,,,,,
,,,,,,,,,
,,,,,,,,,
,,,,,,,,,
,,,,,,,,,
,,,,,,,,,
,,,,,,,,,
,,,,,,,,,
,,,,,,,,,
,,,,,,,,,
,,,,,,,,,
,,,,,,,,,
,,,,,,,,,
,,,,,,,,,
,,,,,,,,,
,,,,,,,,,
,,,,,,,,,
,,,,,,,,,
,,,,,,,,,
,,,,,,,,,
,,,,,,,,,
,,,,,,,,,
,,,,,,,,,
,,,,,,,,,
,,,,,,,,,
,,,,,,,,,
,,,,,,,,,
BV1kS421w7ku,2024-03-03,p5,11:07,14:58,就让这大雨全都落下,,,,
BV14K42187Xz,2024-02-18,p5,21:07,24:18,无法原谅,诗朗诵,,,
BV1i64y1n7NB,2023-12-31,p3,31:52,33:01,百万个吻（谭姐）,半首,,,
,,,38:35,40:50,撕夜（谭姐）,,,,
,,p4,00:00,02:14,撕夜（谭姐）,follow,,,
BV1dC4y1M7Je,2023-12-24,p1,14:04,15:47,none,维普蕾cos展示,,,
,,,16:21,20:50,可愛くなりたい,维普蕾cos,,,
,,,28:10,32:25,Snow halation,维普蕾cos,,,
,,p5,17:06,21:28,简单爱,,,,
,,,23:23,27:58,WHITE ALBUM,,,,
,,,30:30,35:01,クリスマスソング,,,,
,,p6,00:00,01:08,クリスマスソング,follow,,,
,,,03:31,07:34,思念是一种病,,,,
,,,13:26,17:17,雨天,,,,
,,,18:48,24:05,半岛铁盒,,,,
,,,33:24,38:13,小半,,,,
,,p7,01:14,05:07,虚拟,,,,
,,,16:53,21:28,想你时风起,,,,
,,,28:49,33:28,夏夜最后的烟火,,,,
,,,34:31,35:01,告白,,,,
,,p8,00:00,03:38,告白,follow,,,
BV1EH4y117RE,2023-11-29,p1,27:22,29:42,可愛くてごめん,舞蹈 琳妮特cos,,,
BV1o64y1j7R2,2023-11-20,p2,19:53,23:07,青柠,直播间限定,,,
BV1f94y1x7B7,2023-08-26,p2,48:41,51:20,奢香夫人,未开嗓版,,,
,,,53:13,56:20,勇气大爆发,,,,
BV1qT411h72n,2023-05-02,p2,05:06,05:48,我会自己上厕所,波奇酱cos,,,
,,p3,51:52,55:55,雨爱,波奇酱cos,,,
,,,57:18,58:02,我会自己上厕所,波奇酱cos,,,
BV1Gd4y1W7bC,2023-01-23,p1,11:08,15:52,none,胡桃cos展示,,,
,,,23:24,25:01,Phut hon,胡桃cos 舞蹈,,,
,,,25:30,27:00,新宝島,胡桃cos 舞蹈,,,
BV1sd4y157jB,2023-01-21,p3,53:12,56:23,桃花笑,阿尼亚cos,,,
,,,57:27,01:00:01,大喜,阿尼亚cos,,,
,,p4,00:00,00:27,大喜,阿尼亚cos follow,,,
,,,01:44,06:00,你曾是少年,阿尼亚cos,,,
,,p6,15:31,19:02,我的舞台,阿尼亚cos,,,
,,,20:08,23:54,有梦好甜蜜,阿尼亚cos,,,
BV1oG4y1o7Ju,2022-11-20,p1,12:33,13:40,可愛くなりたい,甘雨cos展示,,,
,,,17:07,19:03,eat u alive,甘雨cos展示,,,
,,,21:17,22:35,See Tình,舞蹈 甘雨cos,,,
,,,47:33,51:40,Me & U,修女cos展示,,,
,,p2,49:45,51:15,神様の神様,舞蹈 富江cos,,,
,,,54:07,58:18,ファンサ,舞蹈 富江cos,,,
BV1jB4y1A7yJ,2021-04-22,p1,1:16:47,1:19:50,Mojito,,,,
BV1QX4y1u7vF,2020-12-24,p1,40:23,43:21,ホーリーナイト,,,,
,,,1:13:43,1:17:53,分手快乐,,,,
,,,1:26:59,1:31:12,心愿便利贴,,,,
,,,1:35:21,1:40:56,クリスマスソング,,,,
,,p2,57:07,1:01:09,我的新衣,,,,
,,,1:04:23,1:08:35,圣诞结,,,,
,,,1:10:22,1:14:07,有点甜,,,,
,,,1:30:59,1:36:04,四季折の羽,,,,
BV1fZ4y1g7am,2020-12-21,p2,38:08,40:32,宝贝,,,,
,,,42:39,47:20,人间不值得,,,,
,,,49:30,53:35,盛夏的果实,,,,
,,,55:54,1:01:30,我最亲爱的,,,,
BV1zK4y1L7Pp,2020-12-20,p1,1:13:43,1:18:00,来不及,,,,
,,p2,04:06,08:08,红豆,,,,
,,,08:26,12:59,温柔,,,,
,,,16:02,20:07,ファンサ,,,,
,,,22:41,26:50,小さな恋のうた,,,,
,,,28:42,32:48,夜空中最亮的星,,,,
,,,35:46,39:56,消愁,,,,
,,,42:13,45:42,干物女(WeiWei),,,,
,,,47:40,51:20,东京不太热,,,,
,,,52:36,58:23,Enchanted,,,,
BV1FD4y197rh,2020-12-12,p1,1:22:57,1:27:24,今天你要嫁给我,填词版,,,
,,,1:29:00,1:33:16,我的一个道姑朋友,,,,
,,,1:35:54,1:40:48,失落沙洲,,,,
,,,1:42:51,1:46:42,小永远,,,,
,,,1:53:58,1:55:56,天下无双,半首,,,
,,,1:57:27,02:00:02,想自由,,,,
,,p2,00:00,01:33,想自由,follow,,,
,,,04:50,08:10,借,,,,
,,,10:03,14:24,过客,,,,
,,,16:53,20:38,淋雨一直走,小拉版,,,
,,,22:50,28:03,水星记,,,,
,,,29:51,33:00,夜车,,,,
,,,34:01,37:43,我的悲伤是水做的,,,,
,,,38:31,42:32,LOSER,,,,
,,,44:29,47:52,百利甜,,,,
,,,48:23,52:41,夜に駆ける,半首,,,
BV17a411F72n,2020-11-23,p1,1:33:00,1:36:50,小永远,,,,
,,p2,39:40,44:04,aLIEz,,,,
,,,50:17,56:00,小幸运,填词版 弹唱版,,,
,,p3,32:10,35:33,ビンクスの酒,,,,
BV1Rk4y1C7CE,2020-10-15,p1,1:47:47,1:49:16,骗赖,半首,,,
,,,1:50:38,1:54:05,我是你的谁,,,,
,,p2,05:40,09:50,无人之岛,,,,
,,,11:02,14:20,再见,,邓紫棋,,
,,,14:57,18:35,暖暖,,,,
,,,21:25,25:19,吃泡面,,,,
,,,31:23,34:39,遇见,,,,
,,,35:12,38:37,追光者,,,,
,,,41:09,45:10,喜欢你,,,,
,,,46:23,30:11,云烟成雨,,,,
,,,50:55,53:41,静悄悄,,,,
,,,56:34,1:00:56,单向箭头,,,,
,,,1:01:46,1:06:40,飞鸟和蝉,,,,
,,,,,,,,,
,,,,,,,,,
BV1YA411J7o4,2020-09-20,p1,25:33,27:08,我会自己上厕所,,,,
,,,1:02:58,1:06:54,金曜日のおはよう,,,,
,,,1:08:55,1:12:48,半途而废,,,,
,,,1:17:57,1:21:42,有点甜,,,,
,,,1:23:52,1:28:06,专属天使,,,,
,,,1:28:55,1:33:03,赛利亚之歌,,,,
,,,1:35:02,1:39:22,夜に駆ける,,,,
BV1ST4y1w7u3,2020-09-10,p1,1:09:32,1:12:14,七月上,,,,
,,,1:13:25,1:15:47,常回家看看,半首,,,
,,,1:17:47,1:23:48,僕が死のうと思ったのは,,,,
,,,1:25:52,1:29:49,小永远,,,,
,,,1:36:00,1:39:22,红色高跟鞋,,,,
,,,1:40:36,1:44:24,一样的月光,,,,
,,,1:46:52,1:51:42,身骑白马,小拉版,,,
,,,1:55:44,1:59:27,人质,,,,
,,p2,05:00,09:24,开始懂了,,,,
,,,11:16,15:18,当你,,,,
,,,21:49,25:44,阴天,,,,
,,,26:17,29:32,忽然之间,,,,
,,,32:51,37:05,最熟悉的陌生人,,,,
,,,48:49,53:39,飞鸟和蝉,首唱,,,
,,,55:30,58:25,相思,,,,
,,,58:52,1:02:52,锦鲤抄,,,,
BV1vk4y127SS,2020-08-30,p1,1:24:02,1:28:24,单向箭头,,,,
,,,1:29:02,1:32:59,兜圈,,,,
,,,1:33:38,1:36:41,Mojito,,,,
,,,1:38:35,1:43:20,成都,,,,
,,,1:45:39,1:49:13,一直很安静,小拉版,,,
,,,1:51:28,1:55:01,Lydia,,,,
,,,1:57:26,2:00:04,熬夜上瘾,,,,
,,p2,00:00,00:36,熬夜上瘾,follow,,,
,,,02:01,05:24,百利甜,,,,
,,,08:23,12:32,小幸运,,,,
,,,18:14,21:51,形容,,,,
,,,25:19,30:02,月牙湾,,,,
,,,31:25,35:32,恋,,,,
,,,36:25,42:19,secret base~君がくれたもの~,,,,
,,,46:49,50:47,心动,,,,
,,,53:33,57:17,勇气,,,,
,,p3,47:48,52:14,冬眠,,,,
BV1E54y12726,2020-08-26,p1,23:16,36:41,カタオモイ,,,,
,,,28:05,29:43,LEVEL5 -Judgelight-,半首,,,
,,,30:45,34:10,你的微笑,,,,
,,,41:21,45:38,胆小鬼,,,,
,,,46:26,49:59,暖暖,,,,
,,,51:50,55:53,被风吹过的夏天,,,,
,,,57:00,1:01:20,雨樱花,,,,
,,,1:02:08,1:06:55,连名带姓,小拉版,,,
,,,1:09:37,1:14:31,你不是真正的快乐,,,,
,,,1:20:09,1:24:22,化身孤岛的鲸,,,,
,,,1:26:48,1:29:55,爱的魔法,,,,
,,,1:31:30,1:34:44,青柠,,,,
,,,1:39:15,1:44:11,有可能的夜晚,,,,
,,,1:49:10,1:52:10,勾指起誓,,,,
,,,1:54:01,1:59:48,下雨天,,,,
,,,1:59:06,02:00:02,牡丹江,,,,
,,p2,00:00,03:00,牡丹江,follow,,,
,,,07:42,13:45,銀の龍の背に乗って,,,,
,,,14:01,15:44,菊花爆满山,,,,
,,,16:50,18:06,紅蓮華,半首,,,
,,,18:54,21:46,空山新雨后,,,,
,,,25:31,29:41,孤单北半球,,,,
BV1ky4y1C7Jq,2020-08-25,p1,28:20,30:35,我还没有男朋友,填词版,,,
,,,31:36,35:37,喜欢你,,,,
,,,36:19,40:31,分手快乐,,,,
,,,1:03:56,1:08:44,连名带姓,绝活,,,
,,,1:15:47,1:19:18,ブルーバード,,,,
,,,1:23:02,1:26:48,不醉不会,口胡版,,,
,,,1:28:37,1:32:18,云烟成雨,,,,
,,,1:34:55,1:39:11,你就不要想起我,,,,
,,,1:42:27,1:46:20,勇气,,棉子,
,,,1:47:26,1:52:33,瞬き,,,,
,,p2,15:25,20:05,人间不值得,,,,
,,,22:05,25:21,猪之歌,填词版 鹅之歌,,,
,,,27:17,30:45,牵丝戏,,,,
BV1Vk4y127gP,2020-08-20,p1,1:01:46,1:04:45,相思,,,,
,,,1:05:01,1:10:13,你不是真正的快乐,,,,
,,,01:15:09,1:18:05,Yellow,,,,
,,,1:28:18,1:31:46,学猫叫,,,,
,,,1:31:47,1:34:00,天路,半首,,,
,,,1:36:35,1:41:21,想你的365天,,,,
,,,1:43:20,1:46:35,伤不起,半首,,,
,,,1:47:40,1:49:48,套马杆,半首,,,
,,,1:50:13,1:53:52,野狼disco,,,,
,,,1:56:49,1:57:22,求佛,半首,,,
,,,1:59:08,02:00:01,你要跳舞吗,,,,
,,p2,00:00,02:12,你要跳舞吗,follow,,,
,,,04:37,05:25,你要跳舞吗,填词版,,,
,,,10:15,13:29,火,,,,
,,,15:28,17:06,High歌,,,,
,,,19:11,23:49,心动,,,,
,,,25:01,28:50,心墙,绝活,,,
,,,32:56,36:59,阿楚姑娘,,,,
,,,40:22,44:53,你就不要想起我,,,,
,,,47:53,52:58,成全,绝活,,,
,,,57:21,1:02:45,僕が死のうと思ったのは,,,,
,,,1:09:50,1:13:54,Lemon,,,,
,,,1:38:49,1:44:09,心做し,,,,
,,,1:50:23,1:54:00,需要人陪,,,,
,,,1:56:37,02:00:04,小永远,,,,
,,p3,00:00,00:30,小永远,follow,,,
BV1o5411a7AE,2020-08-11,p1,1:18:09,1:22:53,当你孤单你会想起谁,,,,
,,,1:24:03,1:27:04,青柠,,,,
,,,1:35:37,1:40:13,我的一个道姑朋友,,,,
,,,1:40:52,1:42:04,犯错,半首,,,
,,,1:42:57,1:44:42,我会自己上厕所,,,,
,,,1:46:43,1:50:42,山外小楼夜听雨,,,,
,,p2,00:35,04:35,我的新衣,,,,
,,,21:30,23:57,欧皇,,,,
,,,26:08,31:22,瞬き,,,,
BV1ji4y1g7rg,2020-08-06,p1,16:48,20:12,痒,,,,
,,,24:09,27:32,红色高跟鞋,,,,
,,,31:14,34:33,我是你的谁,,,,
,,,36:38,40:20,吉原ラメント,,,,
,,,42:45,46:41,下雨天,,,,
,,,50:55,55:31,空心,,,,
,,,58:53,1:01:58,战争世界,,,,
,,,1:09:04,1:13:02,不醉不会,,,,
,,,1:19:45,1:23:58,昨日青空,,,,
,,,1:25:56,1:29:39,心电心,,,,
,,,1:32:33,1:36:10,讲真的,,,,
,,p2,24:13,29:10,失落沙洲,,,,
,,,29:51,33:50,残酷な天使のテーゼ,,,,
,,,34:04,37:03,静悄悄,,,,
,,p3,38:36,43:33,有可能的夜晚,,,,
BV1YV411z7tF,2020-08-03,p1,14:58,18:27,讲真的,,,,
,,,30:57,34:20,看得见的自己,,,,
,,,35:02,38:33,七日seven days,,,,
,,,39:30,40:52,Again,半首,,,
,,,42:08,45:24,一步成诗,,,,
,,,46:35,47:36,茜さす,半首,,,
,,,51:32,57:02,六等星の夜,,,,
,,,59:00,1:03:24,好きな人がいること,,,,
,,,1:04:26,1:07:54,小宇,,,,
,,,1:12:25,1:16:25,僕らの手には何もないけど,,,,
,,,1:23:14,1:26:40,对你青睐,假唱版,,,
,,,1:30:04,1:35:40,君の知らない物語,,,,
,,,1:42:54,1:46:45,勇气,,棉子,,
,,,1:59:50,2:00:05,愛言葉Ⅱ,,,,
,,p2,00:00,03:40,愛言葉Ⅱ,follow,,,
,,,11:18,15:25,アイロニ,,,,
,,,15:28,16:06,老公天下第一,一段,,,
,,,17:51,22:07,恋愛サーキュレーション,,,,
,,,24:40,29:39,逍遥叹,,,,
BV1tv411v7bx,2020-07-31,p1,31:25,35:32,小さな恋のうた,,,,
,,,55:53,59:20,ビンクスの酒,,,,
,,p2,1:03:25,1:05:41,だんだん早くなる,填词版 生快版,,,
,,,1:09:07,1:12:39,一直很安静（谭姐）,,,,
,,,1:13:48,1:17:53,春回否（谭姐）,合唱版,,,
,,,1:22:26,1:26:00,半壶纱（姨妈）,,,,
,,,1:33:00,1:37:57,小幸运,填词版 弹唱版,,,
,,,1:48:07,1:52:26,愛言葉,,,,
,,p3,09:40,11:15,我会自己上厕所,,,,
,,,15:16,19:18,喜欢你,,,,
,,,25:59,29:16,勾指起誓,,,,
,,,33:12,36:44,Blueming,,,,
,,,39:18,42:50,大小姐,,,,
,,,48:25,53:09,月牙湾,,,,
,,,55:47,59:37,Lost Stars,弹唱版,,,
,,,1:03:50,1:08:39,ひとり旅,,,,
,,,1:11:21,1:14:23,爱的魔法,,,,
,,,1:14:33,1:17:25,写给我第一个喜欢的女孩的歌,,,,
BV1Z54y1D7db,2020-05-20,p1,09:36,13:04,有点甜,,,,
,,,17:35,21:06,暖暖,,,,
,,,25:40,28:44,靠近一点点,,,,
,,,30:22,33:18,那一天从梦中醒来,,,,
,,,39:44,42:57,模范情书,,,,
,,,57:00,1:01:28,无人之岛,,,,
,,,1:04:15,1:07:00,勾指起誓,,,,
,,,1:21:35,1:24:09,彩虹的微笑,,,,
,,,1:31:33,1:35:26,孤单北半球,,,,
,,,1:45:01,1:48:55,被风吹过的夏天,,,,
,,,1:54:20,1:57:19,跟我在一起,,,,
,,p2,00:56,04:49,素颜,,,,
,,,12:32,15:05,第二杯半价,,,,
,,,20:36,24:37,有些情爱不能碰,,,,
BV1v7411Y7p9,2020-01-24,p1,09:43,13:08,好运来,,,,
,,,16:10,20:25,闹啥子嘛闹,,,,
,,,41:53,44:34,第二杯半价,,,,
,,,48:17,52:28,Summertime,,,,
,,p2,27:12,30:50,吉祥三宝,合唱版,,,
,,,32:40,36:57,像鱼（谭姐）,,,,
,,p3,35:52,40:22,WHITE ALBUM,,,,
,,,42:57,45:01,ほろよい,半首,,,
,,,49:55,53:56,七日seven days,,,,
,,,1:00:51,1:04:23,For You,,,,
,,p4,00:47,04:31,マル・マル・モリ・モリ!,,,,
,,,20:22,25:33,恋音と雨空,,,,
,,,27:55,32:00,愛言葉Ⅲ,,,,
,,,41:38,45:32,暖暖,,,,
,,,1:00:10,1:03:37,ルル,,,,
BV1v7411Y7XU,2020-01-23,p1,30:44,35:25,渋谷川,,,,
,,,51:04,54:37,心电心,,,,
,,,56:45,1:01:11,Snow halation,,,,
,,,1:02:01,1:05:26,爱你,,陈芳语,,
,,p2,04:27,08:02,おじゃま虫,,,,
,,,09:59,13:54,素颜,小拉版,,,
,,,15:08,18:37,Baby,生疏版,,,
,,,20:43,25:26,When You're Gone,,,,
,,,26:36,30:30,Love Story,,,,
,,,31:27,35:20,Shape of You,口胡版,,,
,,,36:01,39:37,We Don't Talk Anymore,,,,
,,,41:40,46:05,Release My Soul,,,,
,,,48:13,52:08,You Raise Me Up,,,,
,,,53:53,57:39,See You Again,,,,
,,,59:41,1:03:20,Us against the world,,,,
,,,1:06:01,01:08:34,ライオン,,,,
,,p3,00:00,02:31,ライオン,follow,,,
,,,06:23,12:11,ダイアモンド クレバス,,,,
,,,17:50,21:37,吃泡面,,,,
,,p6,19:04,22:49,君が好きだと叫びたい,,,,
,,,30:40,32:34,晚安喵,,,,
BV1xJ411H7MN,2020-01-13,p1,22:56,26:42,君の好きな本,,,,
,,,32:58,36:44,Light up my LOVE!!,,,,
,,,40:37,44:00,直觉,,,,
,,,50:16,53:44,说爱你,,,,
,,,58:42,1:01:34,遇到,,,,
,,,1:03:09,1:07:15,房间,,,,
,,p2,03:11,07:05,岁月神偷,,,,
,,,22:37,24:00,钢铁直男（谭姐）,半首,,,
,,,24:42,28:13,后会无期（谭姐）,,,,
,,,38:01,42:05,飞云之下,,,,
,,,43:51,48:05,Butter-Fly,,,,
,,,1:06:13,01:08:35,コネクト,,,,
,,p3,00:00,02:07,コネクト,follow,,,
,,,05:49,09:42,千里邀月,小拉版,,,
,,,29:35,33:28,Love Story,,,,
,,,34:42,37:45,爱丫爱丫,,,,
,,,40:57,45:23,心做し,绝活,,,
,,p7,11:53,15:09,Spring Memories,,,,
BV11J411n7yx,2020-01-12,p1,56:48,1:00:33,Like a Cat,舞蹈,,,
,,,1:02:30,01:04:45,bad guy,舞蹈 即兴发挥,,,
